{"cameraMode":{"drawMode":0,"name":"Shaded","section":"Shading Mode"},"sceneLighting":false,"audioPlay":false,"sceneViewState":{"m_AlwaysRefresh":false,"showFog":false,"showSkybox":false,"showFlares":false,"showImageEffects":false,"showParticleSystems":false,"showVisualEffectGraphs":true,"m_FxEnabled":true},"in2DMode":false,"pivot":{"x":0.0005666017532348633,"y":0.8154854774475098,"z":-0.1110796183347702},"rotation":{"x":-0.14802798628807069,"y":0.05544795095920563,"z":-0.008312703110277653,"w":-0.9873936176300049},"size":1.098746418952942,"orthographic":false}